<?xml version="1.0" encoding="UTF-8"?>
<project-private xmlns="http://www.netbeans.org/ns/project-private/1">
    <editor-bookmarks xmlns="http://www.netbeans.org/ns/editor-bookmarks/2" lastBookmarkId="0"/>
    <open-files xmlns="http://www.netbeans.org/ns/projectui-open-files/2">
        <group>
            <file>file:/D:/Training%20Project/src/teacherview.java</file>
            <file>file:/D:/Training%20Project/src/teacherreg.java</file>
            <file>file:/D:/Training%20Project/src/stdreg.java</file>
            <file>file:/D:/Training%20Project/src/studentviewpage.java</file>
            <file>file:/D:/Training%20Project/src/home.java</file>
            <file>file:/D:/Training%20Project/src/paymentinput.java</file>
            <file>file:/D:/Training%20Project/src/loginpage.java</file>
        </group>
    </open-files>
</project-private>
